step	phase	lap	x	y	alt	dist	speed	pitch	vy	hull	gas	kills	wrecks
30	flying	1	1737.793542968223	6800.062037759484	-6800.062037759484	1737.793542968223	0.22969230632307794	-0.008877887366317071	-0.30354864139245546	100	49.846425477042764	0	0
60	flying	1	1811.3056092118834	6800.3070615504275	-6800.3070615504275	1811.3056092118834	0.2841718955369228	-0.003340432777345612	-0.6183429636634453	100	49.85391872966988	0	0
90	flying	1	1892.9454784611971	6800.617761950182	-6800.617761950182	1892.9454784611971	0.29643983517869227	-0.00020298909066975474	-0.5609660558758102	100	49.937282029695375	0	0
120	flying	1	1976.4145367464218	6800.815871598951	-6800.815871598951	1976.4145367464218	0.2991965018603527	0.0009789094630629233	-0.2176199176834033	100	50.009959899161096	0	0
150	flying	1	2060.2930859386956	6800.830142105091	-6800.830142105091	2060.2930859386956	0.2998117992294033	0.001468237402173822	0.1290217902056811	100	50.02714688672792	0	0
180	flying	1	2144.2645846720884	6800.7157080175775	-6800.7157080175775	2144.2645846720884	0.2999558284610659	0.001447621700404888	0.28350199650198993	100	49.9947678822918	0	0
210	flying	1	2228.2578955319777	6800.583795369685	-6800.583795369685	2228.2578955319777	0.29998963371768117	0.0014697075277484409	0.21588289448073084	100	49.94736188642931	0	0
240	flying	1	2312.256325761633	6800.520470338499	-6800.520470338499	2312.256325761633	0.29999756743988387	0.0016065154141604253	0.03770435226229363	100	49.918150703874915	0	0
270	flying	1	2396.2869511622694	6800.542845137641	-6800.542845137641	2396.2869511622694	0.30034261395220563	0.0016215843051199737	-0.10726078191592561	100	49.919659237702035	0	0
300	flying	1	2480.4732911304395	6800.609727866001	-6800.609727866001	2480.4732911304395	0.3010309967526043	0.0016385999429134365	-0.13893458672880726	100	49.94192237209501	0	0
330	flying	1	2564.8611693981584	6800.66471938525	-6800.66471938525	2564.8611693981584	0.3017630237683374	0.0018289150779809316	-0.07203456489907302	100	49.96480571054658	0	0
360	flying	1	2649.4518922155335	6800.675933613089	-6800.675933613089	2649.4518922155335	0.30247546222082866	0.0021494722950090926	0.022055886554943848	100	49.97412119328681	0	0
390	flying	1	2734.2380404451164	6800.648199231351	-6800.648199231351	2734.2380404451164	0.30315717958826693	0.0024442053290659	0.07715447181330079	100	49.96848434634256	0	0
420	flying	1	2825.6011221957497	6800.613932793275	-6800.613932793275	2825.6011221957497	0.41580772019393974	-0.004752053153100176	0.0472491290262643	100	50.01057044821967	0	0
450	flying	1	2949.210952709656	6800.57177624167	-6800.57177624167	2949.210952709656	0.4454065605510644	0.00037558844048768295	0.1276075052348977	100	50.03948475180587	0	0
480	flying	1	3075.889486376439	6800.495176508072	-6800.495176508072	3075.889486376439	0.49211849356422155	-0.0010447950756053738	0.1600759723577487	100	50.01707295808167	0	0
510	flying	1	3232.907165796135	6800.427160166651	-6800.427160166651	3232.907165796135	0.6036207378719632	-0.0023566244463195715	0.10443809934871778	100	49.99421373493257	0	0
540	flying	1	3402.8942747297	6800.394535645881	-6800.394535645881	3402.8942747297	0.6102646503915492	0.0008516109292533545	0.03128642642941474	100	49.98811075288226	0	0
570	flying	1	3574.5925570753384	6800.390913712814	-6800.390913712814	3574.5925570753384	0.6166642761586126	0.0013593060761941265	-0.008060524271383858	100	49.99421522674428	0	0
600	flying	1	3748.180307825177	6800.396004672166	-6800.396004672166	3748.180307825177	0.6233975671939938	0.00156205389352753	-0.007013339567427091	100	50.0028676714632	0	0
630	flying	1	3923.593144347636	6800.394708522992	-6800.394708522992	3923.593144347636	0.6296895859914328	0.0015983694335684718	0.012375996024293618	100	50.00700566451928	0	0
660	flying	1	4100.71075033743	6800.38414819178	-6800.38414819178	4100.71075033743	0.6355644365934113	0.0014822323311819811	0.027481456546922467	100	50.00620491107729	0	0
690	flying	1	4278.649658917334	6800.36925877719	-6800.36925877719	4278.649658917334	0.6213476146604507	0.0026547072034542474	0.029705164309585596	100	50.00274179513133	0	0
720	flying	1	4443.644048758313	6800.3572289613285	-6800.3572289613285	4443.644048758313	0.5548305774003698	0.004623584914002717	0.016628674147576638	100	49.99743440337579	0	0
750	flying	1	4590.0489643731025	6800.117098930372	-6800.117098930372	4590.0489643731025	0.48886603298450443	0.004649406823754728	4.769207149392669	100	49.89448768853833	0	0
780	flying	1	4724.691112763388	6790.696574598151	-6790.696574598151	4724.691112763388	0.479120661727409	-0.004558507846096131	29.432879695755947	100	44.907658423642864	0	0
810	flying	1	4858.718031997002	6775.212366955289	-6775.212366955289	4858.718031997002	0.47819387588082635	-0.009510949598348618	27.082899962786293	100	37.85740765332748	0	0
840	flying	1	4992.491311024349	6768.560340636472	-6768.560340636472	4992.491311024349	0.4772355055303113	-0.004048745692671448	-2.5665167259717623	100	36.12153482025058	0	0
870	flying	1	5125.66237867017	6779.453418910355	-6779.453418910355	5125.66237867017	0.4730398937279987	0.008511325761174103	-37.44902527816983	100	42.26164481530102	0	0
900	flying	1	5257.109393207825	6803.816154841257	-6803.816154841257	5257.109393207825	0.4652266663638131	0.019480693284280322	-54.92769842979897	100	53.39417794305144	0	0
930	flying	1	5386.251268042701	6829.307434154822	-6829.307434154822	5386.251268042701	0.45731197540362517	0.021795459283192813	-42.36984108176922	100	63.86401125847235	0	0
960	flying	1	5513.6553403073485	6841.593635342764	-6841.593635342764	5513.6553403073485	0.4535815473243191	0.013263001596741366	-5.279478418000432	100	67.97027178862238	0	0
990	flying	1	5640.695184988661	6832.979647241243	-6832.979647241243	5640.695184988661	0.45396128312597106	-0.0018132208422929968	36.258299308288514	100	62.282990874806345	0	0
1020	flying	1	5767.871212026793	6808.493394342906	-6808.493394342906	5767.871212026793	0.4544490627606665	-0.014120830945796067	57.38652777325577	100	50.289386704847296	0	0
1050	flying	1	5895.178927137971	6780.391012909001	-6780.391012909001	5895.178927137971	0.454901017892846	-0.01815089325469931	50.34726160136118	100	38.27387079502614	0	0
1080	flying	1	6022.608558993208	6763.228810083709	-6763.228810083709	6022.608558993208	0.45531897755019096	-0.011444468130404976	10.161865744843746	100	32.53984501149032	1	0
1110	flying	1	6149.845259740305	6772.383787335286	-6772.383787335286	6149.845259740305	0.45222067959773227	0.006411711698019168	-37.15398528681601	100	38.60043139393502	1	0
1140	flying	1	6275.6351958830155	6793.151033957403	-6793.151033957403	6275.6351958830155	0.4462266241444231	0.016110215768489207	-39.67998519447692	100	48.11958820459694	1	0
1170	flying	1	6400.0115004893305	6807.93087534874	-6807.93087534874	6400.0115004893305	0.44271366339295276	0.013999148672173747	-18.38293551211488	100	54.020670628333924	1	0
1200	flying	1	6523.960266234578	6811.227844515437	-6811.227844515437	6523.960266234578	0.44325235921134476	0.006637660950803282	3.0330304015848872	100	54.75473581383133	1	0
1230	flying	1	6648.332676604336	6806.853890450854	-6806.853890450854	6648.332676604336	0.44517269849942914	0.000898447833057861	11.767332510255946	100	52.16255799116502	1	0
1260	flying	1	6773.228995803459	6801.347402630942	-6801.347402630942	6773.228995803459	0.44698676646201113	-0.0006047665799157419	9.083110919119356	100	49.723951100555176	1	0
1290	flying	1	6898.618886842291	6798.42600934658	-6798.42600934658	6898.618886842291	0.44869488253577305	0.0006095883571478968	2.8135026620928314	100	48.81781378773536	1	0
1320	flying	1	7024.451280343514	6798.280828309053	-6798.280828309053	7024.451280343514	0.45004411159680613	0.002251269258446087	-1.5669405741819877	100	49.033704681899366	1	0
1350	flying	1	7150.59023371524	6799.491930930291	-6799.491930930291	7150.59023371524	0.45094340417312456	0.0029776541412807147	-2.7419146320380325	100	49.66759767847804	1	0
1380	flying	1	7276.970868862174	6800.65379585957	-6800.65379585957	7276.970868862174	0.4518290355813201	0.002577050660776242	-1.7185673832682709	100	50.17226306445756	1	0
1410	flying	1	7403.6241364444495	6801.110446901951	-6801.110446901951	7403.6241364444495	0.4529070402671618	0.0014791271706927028	-0.19903792219103972	100	50.326100387429896	1	0
1440	flying	1	7530.602018500457	6801.202314092764	-6801.202314092764	7530.602018500457	0.45412747252212016	0.00056032274497084	-5.465766904780964	100	50.298451835448994	1	0
1470	flying	1	7657.62958614083	6812.378946312758	-6812.378946312758	7657.62958614083	0.4522575056912828	0.00772247417860356	-31.450028672595696	100	55.49671388976305	1	0
1500	flying	1	7783.762572181589	6825.213050351663	-6825.213050351663	7783.762572181589	0.4490186304160645	0.008679600573799726	-13.977900903095033	100	60.94829280651264	1	0
1530	flying	1	7909.533297546058	6821.893185586847	-6821.893185586847	7909.533297546058	0.44984769383764744	-0.0017376084755489016	25.381948336249714	100	58.340347587874966	1	0
1560	flying	1	8035.697855216977	6801.140474387375	-6801.140474387375	8035.697855216977	0.4513723071131081	-0.013931976168454761	52.9141388939645	100	47.30074250925751	1	0
1590	flying	1	8162.2752182239665	6774.724978896414	-6774.724978896414	8162.2752182239665	0.4527836587601555	-0.018509598409997746	46.578140442339695	100	35.51640258784146	1	0
1620	flying	1	8289.23594579758	6760.064357352044	-6760.064357352044	8289.23594579758	0.4541064150484843	-0.010942797526873273	9.937043400751907	100	31.357510431270008	1	0
1650	flying	1	8416.319542265412	6767.110444510512	-6767.110444510512	8416.319542265412	0.45259063390737286	0.004715319525210123	-35.08568019441681	100	36.827122598015336	1	0
1680	flying	1	8542.281864916253	6792.053385172311	-6792.053385172311	8542.281864916253	0.4464526359900634	0.018548454797747325	-54.639095914515245	100	48.77191343649116	2	0
1710	flying	1	8666.557373499927	6811.310398420161	-6811.310398420161	8666.557373499927	0.4421034464768319	0.01601771186034236	-21.75060559456356	100	56.354482141302206	2	0
1740	flying	1	8790.398191334396	6814.219343407723	-6814.219343407723	8790.398191334396	0.44305544939620106	0.005479250086455528	6.434665282984971	100	56.02548400992623	2	0
1770	flying	1	8914.70666497708	6807.93706505477	-6807.93706505477	8914.70666497708	0.4449058111269806	-0.0018595761449542202	15.232821969448842	100	52.17421009040805	2	0
1800	flying	1	9039.51851536714	6801.245311363373	-6801.245311363373	9039.51851536714	0.446647800115857	-0.0033737278930959943	10.397254051667765	100	49.359981691689434	2	0
1830	flying	1	9164.803975178647	6798.086398019641	-6798.086398019641	9164.803975178647	0.4482822960024266	-0.0016255651095095202	2.7114115276821975	100	48.59076389867161	2	0
1860	flying	1	9290.498242134274	6798.1066617448805	-6798.1066617448805	9290.498242134274	0.4494721291382926	0.00041918016922108843	-1.9683823543455925	100	49.00244782978796	2	0
1890	flying	1	9416.466555467212	6799.459106856751	-6799.459106856751	9416.466555467212	0.45031426333883073	0.0012644132277838157	-2.876452012565697	100	49.73765709475285	2	0
1920	flying	1	9542.673671592207	6800.615851982349	-6800.615851982349	9542.673671592207	0.4512268144216532	0.0008921659323021773	-1.607357571470229	100	50.22165652138872	2	0
1950	flying	1	9669.163014271831	6801.00728450743	-6801.00728450743	9669.163014271831	0.45233385078483507	0.00013246554994234748	-0.0873809445710729	100	50.315063155731465	3	0
1980	flying	1	9795.979280483736	6800.818237887699	-6800.818237887699	9795.979280483736	0.4535409123680437	-0.00046545679070384837	0.6649933078718105	100	50.17568406977204	3	0
2010	flying	1	9922.981237969096	6808.81812116099	-6808.81812116099	9922.981237969096	0.4526814157775174	0.005826783287818519	-27.87247703435574	100	54.246982043883236	3	0
2040	flying	1	10049.3488702028	6819.372598925821	-6819.372598925821	10049.3488702028	0.45040689610663076	0.00720680287977946	-6.771075585340505	100	58.789596068950104	3	0
2070	flying	1	10175.60738274897	6812.916622069504	-6812.916622069504	10175.60738274897	0.45161142007003613	-0.0033184555527690255	32.03194902067374	100	54.01367707363552	3	0
2100	flying	1	10302.23791281708	6790.446992937984	-6790.446992937984	10302.23791281708	0.45292239551346325	-0.01440354034790737	51.342065977696905	100	42.48895374991245	3	0
2130	flying	1	10429.211298468586	6739.86600535213	-6739.86600535213	10429.211298468586	0.4532869820630717	-0.030061659201678262	108.11529884424883	98.416	34.511283349315555	3	0
2160	flying	1	10555.168387480078	6695.952798786007	-6695.952798786007	10555.168387480078	0.4461024584209963	-0.02537424312259142	62.21424120541758	98.416	47.5392722482238	3	0
2190	flying	1	10679.14706303936	6670.01425991639	-6670.01425991639	10679.14706303936	0.4400889270326876	-0.019583330252553613	50.63397183994842	98.416	60.07407440556612	3	0
2220	flying	1	10802.350232336972	6640.400735919298	-6640.400735919298	10802.350232336972	0.4400000098442218	-0.02171404727732665	65.2248307323241	98.416	59.739923368435015	3	0
2250	flying	1	10925.55023268779	6610.475578322287	-6610.475578322287	10925.55023268779	0.44000000000108913	-0.020604093889534363	49.71973711480972	98.416	49.230935590700845	3	0
2280	flying	1	11048.882031313851	6590.104501070489	-6590.104501070489	11048.882031313851	0.44011030603141366	-0.01512319725187953	51.94886198254575	98.416	50.5676984277939	3	0
2310	flying	1	11172.085961832861	6548.182863602286	-6548.182863602286	11172.085961832861	0.4400000121872947	-0.029601569377668766	115.84033390304384	98.416	62.96769842779392	3	0
2340	flying	1	11295.285962267095	6478.833739855396	-6478.833739855396	11295.285962267095	0.4400000000013457	-0.048270912317499026	141.0577450319357	98.416	64.97945464339003	3	0
2370	flying	1	11418.485962267141	6417.150350999091	-6417.150350999091	11418.485962267141	0.44000000000000017	-0.045599088385482885	99.7542034465473	98.416	47.510852855520525	3	0
2400	flying	1	11541.685962267138	6384.419225388527	-6384.419225388527	11541.685962267138	0.4400000000000001	-0.026231069460092613	33.6346927530076	98.416	38.3244640447241	4	0
2430	flying	1	11664.885962267135	6380.650803773456	-6380.650803773456	11664.885962267135	0.4400000000000001	-0.004767731261593122	-11.58689822880147	98.416	40.694048853056664	4	0
2460	flying	1	11788.085962267132	6391.074701898684	-6391.074701898684	11788.085962267132	0.4400000000000001	0.00777775593423631	-27.30941003634374	98.416	46.73522826247477	4	0
2490	flying	1	11911.28596226713	6410.913092943018	-6410.913092943018	11911.28596226713	0.4400000000000001	0.016829330432357244	-47.67527757964584	98.416	55.87497645705509	4	0
2520	flying	1	12034.485962267127	6433.608458006379	-6433.608458006379	12034.485962267127	0.4400000000000001	0.019527680534303565	-37.673775224324345	98.416	65.51875934762447	4	0
2550	flying	1	12157.685962267124	6443.284516545746	-6443.284516545746	12157.685962267124	0.4400000000000001	0.011011640106920193	0.9203291477949731	98.416	68.50550487095981	4	0
2580	flying	1	12280.88596226712	6431.116917720139	-6431.116917720139	12280.88596226712	0.4400000000000001	-0.0045214316523990465	42.727697730952585	98.416	60.56349114794872	4	0
2610	flying	1	12404.085962267118	6403.451505046587	-6403.451505046587	12404.085962267118	0.4400000000000001	-0.016814593107078574	62.24819176458405	98.416	46.93265106423914	4	0
2640	flying	1	12527.285962267115	6374.229252440717	-6374.229252440717	12527.285962267115	0.4400000000000001	-0.019278778804272055	49.864831598157096	98.416	34.81556808914315	4	0
2670	flying	1	12650.485962267112	6356.914299114183	-6356.914299114183	12650.485962267112	0.4400000000000001	-0.011785110524001427	25.53253736177287	98.416	29.603402708629364	4	0
2700	flying	1	12773.685962267109	6347.072208665868	-6347.072208665868	12773.685962267109	0.4400000000000001	-0.005700070289429153	13.485500915980376	98.416	26.75351898767704	4	0
2730	flying	1	12905.732268353877	6347.915719477994	-6347.915719477994	12905.732268353877	0.5398716632545422	-0.0017753734850098277	-37.762926461804895	98.416	28.343833837881004	4	0
2760	flying	1	13068.882312548822	6386.764392148179	-6386.764392148179	13068.882312548822	0.593984801489763	0.027327171547566344	-104.9492016196931	98.416	40.67502088928697	4	0
2790	flying	1	13235.212705436697	6443.380031901712	-6443.380031901712	13235.212705436697	0.5941547759378881	0.04427976756907693	-111.43994115454451	98.416	53.079588361800944	4	0
2820	flying	1	13401.615035719138	6488.338173435257	-6488.338173435257	13401.615035719138	0.5944386875775656	0.03888361702578197	-61.253239635557755	98.416	65.50382727081795	4	0
2850	flying	1	13568.093628687227	6495.578478312955	-6495.578478312955	13568.093628687227	0.5947000474505946	0.012607542655902618	33.90503604904483	98.416	77.82961042529811	4	0
2880	flying	1	13735.400253732862	6453.2530518673575	-6453.2530518673575	13735.400253732862	0.601774682101615	-0.024166640245264416	121.26440892553283	98.416	66.6663145604965	5	0
2910	flying	1	13898.459421444155	6385.923501824391	-6385.923501824391	13898.459421444155	0.5511135730470442	-0.04242110414805487	135.80203707256712	98.416	49.16631456049646	5	0
2940	flying	1	14044.138853225839	6328.93246345208	-6328.93246345208	14044.138853225839	0.48743903239139247	-0.03759300729710478	83.44975612646255	98.416	31.666314560496392	5	0
2970	flying	1	14173.585406205264	6313.484629481041	-6313.484629481041	14173.585406205264	0.4508804155747277	-0.010683009143806524	-24.075774288767125	98.416	17.48857367869931	5	0
3000	flying	1	14299.358894938141	6351.283013219127	-6351.283013219127	14299.358894938141	0.44584948852064865	0.026404542182114202	-115.0976656357441	98.416	28.68467963127796	5	0
3030	flying	1	14435.155013755886	6420.48697038519	-6420.48697038519	14435.155013755886	0.5561895386871171	0.045800731981682684	-151.73801140698458	98.416	41.24564455876107	6	0
3060	flying	1	14599.938408052012	6494.384681113061	-6494.384681113061	14599.938408052012	0.5950490847028523	0.056017770857063186	-135.5581081260995	98.416	53.71612916704623	7	0
3090	flying	1	14765.4079797413	6538.968602155816	-6538.968602155816	14765.4079797413	0.571684258769742	0.03868843576380732	-20.373930779168695	98.416	66.16374377465456	7	0
3120	flying	1	14916.815113027043	6512.569680652049	-6512.569680652049	14916.815113027043	0.5076028898621586	-0.00791347020104061	111.34740461097468	98.416	77.20820041332186	7	0
3150	flying	1	15050.263232046722	6441.8798597578125	-6441.8798597578125	15050.263232046722	0.4441970378221604	-0.04261809647172355	159.11624625037615	98.416	61.73308798359828	7	0
3180	flying	1	15173.612032935818	6363.7542627322	-6363.7542627322	15173.612032935818	0.4400004379636024	-0.05413795695419754	143.67702057243446	98.416	44.23308798359821	9	0
3210	flying	1	15296.812048452077	6308.848262604126	-6308.848262604126	15296.812048452077	0.440000000045382	-0.04180593795963191	69.1055671349865	98.416	26.733087983598175	9	0
3240	flying	1	15420.012048453682	6302.677604484031	-6302.677604484031	15420.012048453682	0.44000000000000494	-0.007891838269135648	-36.80932785138519	98.416	22.282228804224623	10	0
3270	flying	1	15543.212048453679	6345.575046665933	-6345.575046665933	15543.212048453679	0.4400000000000001	0.029242567902033813	-123.78243140774428	98.416	29.59589603385563	11	0
3300	flying	1	15666.412048453676	6418.110142233093	-6418.110142233093	15666.412048453676	0.4400000000000001	0.05334521054727827	-156.05099007306325	98.416	41.99589603385565	14	0
3330	flying	1	15789.612048453673	6492.522740034346	-6492.522740034346	15789.612048453673	0.4400000000000001	0.058709331405545316	-133.41923990139722	98.416	54.143117479486364	15	0
3360	flying	1	15912.81204845367	6536.03455536271	-6536.03455536271	15912.81204845367	0.4400000000000001	0.03811401526194586	-19.691790634645606	98.416	65.78311657465524	15	0
3390	flying	1	16036.012048453667	6510.125958140426	-6510.125958140426	16036.012048453667	0.4400000000000001	-0.009236376605772511	108.22124963451708	98.416	75.96713571015991	16	0
3420	flying	1	16159.212048453664	6440.366007469943	-6440.366007469943	16159.212048453664	0.4400000000000001	-0.043062716663597594	157.63263415837508	98.416	60.85869526112562	16	0
3450	flying	1	16282.412048453662	6374.179432122535	-6374.179432122535	16282.412048453662	0.4400000000000001	-0.04482414834104423	99.92088313196452	98.416	43.35869526112555	18	0
3480	flying	1	16405.61204845366	6346.045409017467	-6346.045409017467	16405.61204845366	0.4400000000000001	-0.020739568847994775	12.755597394201446	98.416	27.624096079444826	19	0
3510	flying	1	16528.812048453656	6358.674676081542	-6358.674676081542	16528.812048453656	0.4400000000000001	0.008995805759610873	-51.54269081829796	98.416	33.525512241732834	19	0
3540	flying	1	16652.012048453653	6388.739586752614	-6388.739586752614	16652.012048453653	0.4400000000000001	0.024428891721029418	-60.825733561429544	98.416	44.55411068788232	20	0
3570	flying	1	16775.21204845365	6413.550929947036	-6413.550929947036	16775.21204845365	0.4400000000000001	0.02328102324914201	-34.95633380187511	98.416	55.05496256441627	21	0
3600	flying	1	16898.412048453647	6421.220410047415	-6421.220410047415	16898.412048453647	0.4400000000000001	0.011864242080297125	1.9793240456750947	98.416	58.70201730138047	21	0
3630	flying	1	17021.612048453644	6414.289815030304	-6414.289815030304	17021.612048453644	0.4400000000000001	0.000819860840920356	20.792805162893202	98.416	54.5673839631592	22	0
3660	flying	1	17144.81204845364	6404.041884266384	-6404.041884266384	17144.81204845364	0.4400000000000001	-0.0029587744500280187	17.719579232137065	98.416	49.94916188493596	22	0
3690	flying	1	17268.01204845364	6397.970297969958	-6397.970297969958	17268.01204845364	0.4400000000000001	-0.0010748262493824373	6.76390730859739	98.416	48.09618410937208	22	0
3720	flying	1	17391.212048453635	6396.926771195953	-6396.926771195953	17391.212048453635	0.4400000000000001	0.0018747812817252356	-1.4636272778217427	98.416	48.298827072067105	22	0
3750	flying	1	17514.412048453632	6398.612264158385	-6398.612264158385	17514.412048453632	0.4400000000000001	0.00364059841758613	-4.321392828205716	98.416	49.27551139378535	22	0
3780	flying	1	17637.61204845363	6400.581514091214	-6400.581514091214	17637.61204845363	0.4400000000000001	0.003749701504104193	-3.145447802011621	98.416	50.16666848642373	22	0
3810	flying	1	17760.812048453627	6401.516429291109	-6401.516429291109	17760.812048453627	0.4400000000000001	0.002933928522082137	-0.6776264869042572	98.416	50.51835394500177	22	0
3840	flying	1	17884.012048453624	6401.368011423727	-6401.368011423727	17884.012048453624	0.4400000000000001	0.0022722605328267653	0.9876707056970379	98.416	50.39354989271496	22	0
3870	flying	1	18007.21204845362	6400.753720400024	-6400.753720400024	18007.21204845362	0.4400000000000001	0.002087273863533414	1.2494361454344538	98.416	50.094611218689586	22	0
3900	flying	1	18130.412048453618	6400.262000772107	-6400.262000772107	18130.412048453618	0.4400000000000001	0.00242966247450883	0.6666497113755199	98.416	49.8985375278251	22	0
3930	flying	1	18253.612048453615	6400.109231915704	-6400.109231915704	18253.612048453615	0.4400000000000001	0.003034427262790262	0.0015027153154753593	98.416	49.85858994378725	22	0
3960	flying	1	18376.812048453612	6400.209619013438	-6400.209619013438	18376.812048453612	0.4400000000000001	0.0034555230813931924	-0.32380671922337784	98.416	49.921131395815365	22	0
3990	flying	1	18500.01204845361	6400.383388863247	-6400.383388863247	18500.01204845361	0.4400000000000001	0.003573004967987171	-0.33422047401891464	98.416	49.97842666242796	22	0
4020	flying	1	18623.212048453606	6400.513468831027	-6400.513468831027	18623.212048453606	0.4400000000000001	0.003539298297482121	-0.17423609693695657	98.416	50.02835137808395	22	0
4050	flying	1	18746.412048453603	6400.550871506785	-6400.550871506785	18746.412048453603	0.4400000000000001	0.003348327369449159	0.010574354136458738	98.416	50.0421651428469	22	0
4080	flying	1	18869.6120484536	6400.515614830996	-6400.515614830996	18869.6120484536	0.4400000000000001	0.003108237288288389	0.10844388529988007	98.416	50.026252647392596	22	0
4110	flying	1	18992.812048453598	6400.4595978190555	-6400.4595978190555	18992.812048453598	0.4400000000000001	0.002986204242524852	0.10139312629463254	98.416	50.0021966672996	22	0
4140	flying	1	19116.012048453595	6400.42379234622	-6400.42379234622	19116.012048453595	0.4400000000000001	0.002977200587619626	0.040489979854990726	98.416	49.98808131012273	22	0
4170	flying	1	19239.21204845359	6400.414909317562	-6400.414909317562	19239.21204845359	0.4400000000000001	0.003143486536672305	0.0102866497064638	98.416	50.00259629251504	22	0
4200	flying	1	19362.41204845359	6400.407137899302	-6400.407137899302	19362.41204845359	0.4400000000000001	0.003414448063842758	0.020804619492350154	98.416	50.00516309468216	22	0
4230	flying	1	19485.612048453586	6400.39584718058	-6400.39584718058	19485.612048453586	0.4400000000000001	0.003658488761155631	0.021832983972422615	98.416	50.00143991737225	22	0
4260	flying	1	19608.812048453583	6400.387301321569	-6400.387301321569	19608.812048453583	0.4400000000000001	0.0038262757879783497	0.011659249862917767	98.416	49.998349642438114	23	0
4290	flying	1	19732.01204845358	6400.384492879796	-6400.384492879796	19732.01204845358	0.4400000000000001	0.003881565910407673	0.0005470596659176176	98.416	49.99771628606099	23	0
4320	flying	1	19855.212048453577	6400.385904721275	-6400.385904721275	19855.212048453577	0.4400000000000001	0.0037246302097456154	-0.004906888140229274	100	49.998704899089645	23	0
4350	flying	1	19978.412048453574	6400.388476419232	-6400.388476419232	19978.412048453574	0.4400000000000001	0.003454253245905177	-0.004662183203711967	100	49.999916038988324	23	0
4380	flying	1	20101.61204845357	6400.390116453373	-6400.390116453373	20101.61204845357	0.4400000000000001	0.0031696578382648987	-0.0018543546242458977	100	50.00054367093851	23	0
4410	flying	1	20224.81204845357	6400.390363548468	-6400.390363548468	20224.81204845357	0.4400000000000001	0.0029961241451975417	0.0005624770453606207	100	50.0005317137917	23	0
4440	flying	1	20348.01325063156	6400.389798906294	-6400.389798906294	20348.01325063156	0.4401237229732802	0.002888900646816613	0.001409718731196096	100	50.000257912134735	23	0
4470	flying	1	20471.516747922902	6400.3888789148505	-6400.3888789148505	20471.516747922902	0.442146274457952	0.0027675744485563857	0.002625011110855396	100	50.001006478704966	23	0
4500	flying	1	20595.607060695307	6400.386792212956	-6400.386792212956	20595.607060695307	0.44844066293779555	0.002308086606541827	0.0057698102460380886	100	50.00169852851147	23	0
4530	flying	1	20740.7895358818	6400.382896496885	-6400.382896496885	20740.7895358818	0.5963107778008068	-0.004313254107007485	0.010260096085094495	100	50.003246782523355	23	0
4560	flying	1	20910.722161231086	6400.37541253556	-6400.37541253556	20910.722161231086	0.6121657930263407	0.0005160423044244137	0.020095588235352888	100	50.005788798994175	23	0
4590	flying	1	21083.21178040716	6400.362694398149	-6400.362694398149	21083.21178040716	0.6200779534211632	0.002014686258159576	0.02965507144471307	100	50.00587990220168	23	0
4620	flying	1	21257.84623110858	6400.346855013326	-6400.346855013326	21257.84623110858	0.6274739604533295	0.002618784057339983	0.032302660451439764	100	50.00416235462133	23	0
4650	flying	1	21434.484822663322	6400.331501444912	-6400.331501444912	21434.484822663322	0.634381386767501	0.0029088870680512155	0.02847934472549126	100	50.00239870897232	23	0
4680	flying	1	21612.623610575807	6400.047155440085	-6400.047155440085	21612.623610575807	0.6270953723087374	0.0037842575341157842	8.190798693217301	100	51.56309791740459	23	0
4710	flying	1	21778.37360098907	6373.4908326853965	-6373.4908326853965	21778.37360098907	0.5537300723013322	-0.01272597570682358	96.91133287994077	100	66.76673326917818	23	0
4740	flying	1	21923.57198630704	6302.158753377065	-6302.158753377065	21923.57198630704	0.48280823275898727	-0.04267371585391419	168.8602154703126	100	71.47943203621125	23	0
4770	flying	1	22054.671439110607	6199.252909270086	-6199.252909270086	22054.671439110607	0.4621118890472026	-0.05360795840336927	244.87641826292312	100	84.49711443410902	23	0
4800	flying	1	22183.83568423691	6066.588154994719	-6066.588154994719	22183.83568423691	0.4608113855439425	-0.05633264340063021	272.4632424546893	100	76.9041666863842	23	0
4830	flying	1	22312.12362777793	5920.317634713142	-5920.317634713142	22312.12362777793	0.45738848113539315	-0.05716095160573031	296.14932242033404	100	73.68980884687774	23	0
4860	flying	1	22440.35834747182	5791.107879864765	-5791.107879864765	22440.35834747182	0.45860640935540015	-0.05738358824650887	218.60348118055924	100	56.18980884687778	23	0
4890	flying	1	22568.92537627826	5706.4278535865315	-5706.4278535865315	22568.92537627826	0.4597557184857352	-0.055016645543687195	120.8767425201116	100	38.68980884687771	23	0
4920	flying	1	22697.20231543188	5667.623802532665	-5667.623802532665	22697.20231543188	0.4546971425201163	-0.03166032163581612	50.36542178692065	100	48.15672376438308	23	0
4950	flying	1	22823.546644507445	5645.641029387474	-5645.641029387474	22823.546644507445	0.4480754567898128	-0.018251147729999907	45.32502713288953	100	59.2585412658553	23	0
4980	flying	1	22949.086053907467	5621.29512229393	-5621.29512229393	22949.086053907467	0.44916533898229477	-0.017167860856924136	48.054720316570155	100	54.00626355234845	23	0
5010	flying	1	23075.08087580824	5601.675430226445	-5601.675430226445	23075.08087580824	0.4508364459007402	-0.013341530420802357	28.66740887735207	100	47.391498079131	23	0
5040	flying	1	23201.5299089601	5593.454326321327	-5593.454326321327	23201.5299089601	0.45239414175086495	-0.0054940605092698895	6.039345908672615	100	45.84791257340498	23	0
5070	flying	1	23328.308040631753	5594.159378551016	-5594.159378551016	23328.308040631753	0.4529591164774776	0.0013979757233164537	-6.427545683887807	100	47.33340037617996	23	0
5100	flying	1	23455.127048248727	5598.163654784239	-5598.163654784239	23455.127048248727	0.4528974084542203	0.004609685029118101	-8.081817089844188	100	49.45209398483952	23	0
5130	flying	1	23581.973483869388	5601.284821559539	-5601.284821559539	23581.973483869388	0.453279593468225	0.004648296639246973	-4.11095128683579	100	50.715027548414355	23	0
5160	flying	1	23709.02245384331	5602.1864824182685	-5602.1864824182685	23709.02245384331	0.45434502279523203	0.0033729470832999536	0.08839640830587221	100	50.87604176965267	23	0
5190	flying	1	23836.421660410237	5601.55621483555	-5601.55621483555	23836.421660410237	0.4556864340284291	0.0022838991670476507	1.9248949968543438	100	50.422537946958535	23	0
5220	flying	1	23964.187298143057	5600.611505336345	-5600.611505336345	23964.187298143057	0.4569542910119211	0.001923618104481785	1.6235878419973135	100	49.98829413718715	23	0
5250	flying	1	24092.29542925527	5600.061386655035	-5600.061386655035	24092.29542925527	0.4581121444916908	0.002030777385951216	0.5932272263293802	100	49.810497230929855	23	0
5280	flying	1	24220.701486731632	5599.9884167078235	-5599.9884167078235	24220.701486731632	0.45907832442053476	0.0022965492934194885	-0.1899067791220782	100	49.83545259803814	23	0
5310	flying	1	24349.35964249677	5600.165699824633	-5600.165699824633	24349.35964249677	0.45992414061659637	0.0024782275299473594	-0.42531542909915243	100	49.94061586544378	23	0
5340	flying	1	24478.24727648245	5600.350959400926	-5600.350959400926	24478.24727648245	0.4607248751544953	0.0026840161004743498	-0.28305493112509283	100	50.021735987980705	24	0
5370	flying	1	24607.356787973895	5600.432143002515	-5600.432143002515	24607.356787973895	0.4615095089544424	0.0030199657557545626	-0.05506351571361981	100	50.0454323809213	24	0
5400	flying	1	24736.68324563182	5600.4195202676565	-5600.4195202676565	24736.68324563182	0.4622709217273048	0.003319012198049148	0.07942884365235586	100	50.02993909764619	24	0
5430	flying	1	24866.217769012746	5600.37178224387	-5600.37178224387	24866.217769012746	0.4629917326831488	0.003503930546053542	0.09483694138727813	100	50.00601617251555	24	0
5460	flying	1	24995.947333036285	5600.335211718434	-5600.335211718434	24995.947333036285	0.46366160186731714	0.0037215937345767298	0.04856887044340327	100	49.99216205926847	24	0
5490	flying	1	25125.85741574722	5600.323851205608	-5600.323851205608	25125.85741574722	0.4642804222065401	0.004039079457975072	0.0017312375840092232	100	49.99070709010631	24	0
5520	flying	1	25255.934654541088	5600.329463828798	-5600.329463828798	25255.934654541088	0.4648550274074229	0.00445640829900862	-0.01870812493702884	100	49.99553252859857	24	0
5550	flying	1	25386.167490494783	5600.338767337802	-5600.338767337802	25386.167490494783	0.46539146808410325	0.004915693969102482	-0.015888975160859273	100	50.000347896452524	24	0
5580	flying	1	25516.545889795125	5600.343831610658	-5600.343831610658	25516.545889795125	0.4658940453050372	0.005168671337185375	-0.0045051617088451654	100	50.002384368256415	24	0
5610	flying	1	25647.060599234803	5600.343632077187	-5600.343632077187	25647.060599234803	0.46636428991496726	0.005050757295852395	0.004030010620085297	100	50.002020992749095	24	0
5640	flying	1	25777.702733615606	5600.340778805788	-5600.340778805788	25777.702733615606	0.4668033230300622	0.004780546423895573	0.006349486942550959	100	50.00080868698501	24	0
5670	flying	1	25908.463681620804	5600.337968683493	-5600.337968683493	25908.463681620804	0.4672121558700121	0.004476131164046548	0.004558608165778991	100	49.99991434124148	24	0
5700	flying	1	26039.33517315413	5600.336385522932	-5600.336385522932	26039.33517315413	0.4675922341648393	0.004118015370429996	0.0019411606672857457	100	49.99966484584824	24	0
5730	flying	1	26170.309387680445	5600.335871225226	-5600.335871225226	26170.309387680445	0.467945286294761	0.0037270897666679065	0.00040745459487415327	100	49.999832474469095	24	0
5760	flying	1	26301.378994725073	5600.335771748392	-5600.335771748392	26301.378994725073	0.46827304281364124	0.003338324495899281	0.0001711433562455548	100	50.00007891555321	24	0
5790	flying	1	26432.537127514453	5600.3355906655	-5600.3355906655	26432.537127514453	0.46857706461163634	0.003073925171289827	0.0005843214812579462	100	50.000212275189455	24	0
5820	flying	1	26563.777329455064	5600.335183121142	-5600.335183121142	26563.777329455064	0.4688587197568511	0.002990324482769815	0.000996265363228079	100	50.00021454193684	24	0
5850	flying	1	26695.09350719415	5600.334638420719	-5600.334638420719	26695.09350719415	0.469119303530341	0.0029967212748739677	0.0011282830639670338	100	50.00015348197206	24	0
5880	flying	1	26826.47995681364	5600.334094938756	-5600.334094938756	26826.47995681364	0.46936000114198756	0.002871613506907252	0.0010221684305446652	100	50.00009516614796	24	0
5910	flying	1	26957.93116321256	5600.333631691232	-5600.333631691232	26957.93116321256	0.4695814828293932	0.0026154993096363433	0.0008362660075953167	100	50.00006695531399	24	0
5940	flying	1	27089.44197456993	5600.33325491988	-5600.33325491988	27089.44197456993	0.4697853761378062	0.0023464619995971934	0.0006867420118459144	100	50.000063442162585	24	0
5970	flying	1	27221.007582464877	5600.332935344138	-5600.332935344138	27221.007582464877	0.4699724913068609	0.0022467350326756943	0.0006045449402023338	100	50.00006853228457	24	0
6000	flying	1	27352.574370454462	5600.332659517512	-5600.332659517512	27352.574370454462	0.46913206418331227	0.0023729292597547583	0.00035842042161831315	100	49.999758129291386	24	0
6030	flying	1	27483.57359499931	5600.333080082803	-5600.333080082803	27483.57359499931	0.4665160592849984	0.002615207054844494	-0.0024469318132727706	100	49.9985876642521	24	0
6060	flying	1	27613.863287606287	5600.335392136594	-5600.335392136594	27613.863287606287	0.46407138475329857	0.0028804424042080954	-0.006598496511177835	100	49.99809702635482	24	0
6090	flying	1	27743.490885926993	5600.339465745017	-5600.339465745017	27743.490885926993	0.4617902162428462	0.0032648892435098264	-0.009221666254871268	100	49.998341297108205	24	0
6120	flying	1	27872.500630121067	5600.34425024849	-5600.34425024849	27872.500630121067	0.45966208597521674	0.0036933450118492575	-0.009572875784535823	100	49.99882444819298	24	0
6150	flying	1	28000.933815249668	5600.348801915976	-5600.348801915976	28000.933815249668	0.4576741090515544	0.004115346695209548	-0.008543865708528985	100	49.999172305101375	24	0
6180	flying	1	28128.82831757621	5600.352741721136	-5600.352741721136	28128.82831757621	0.45581720602751913	0.004573725579665026	-0.007294294305181937	100	49.99929026263763	24	0
6210	flying	1	28256.21958559598	5600.35615271147	-5600.35615271147	28256.21958559598	0.4540821341904773	0.005037827105899068	-0.006466388456970318	100	49.999263371679326	24	0
6240	flying	1	28383.140539291973	5600.359279220699	-5600.359279220699	28383.140539291973	0.45246017811713024	0.005508953905630287	-0.006114262199083618	100	49.999210226124426	24	0
6270	flying	1	28509.621740667186	5600.362302338996	-5600.362302338996	28509.621740667186	0.45094326354092423	0.005804803783282352	-0.005998475089456298	100	49.99919818989729	24	0
6300	flying	1	28635.691585468263	5600.365274942699	-5600.365274942699	28635.691585468263	0.44952398916718317	0.005967653927316764	-0.005882867881823309	100	49.999233672182896	24	0
6330	flying	1	28761.376476144593	5600.368164939367	-5600.368164939367	28761.376476144593	0.4481955249677447	0.006285640691968669	-0.005666482271604707	100	49.99929177876579	24	0
6360	flying	1	28886.70097239981	5600.370923082158	-5600.370923082158	28886.70097239981	0.446951545421115	0.006663879898117168	-0.00536724796591273	100	49.99934733851244	24	0
6390	flying	1	29011.6878570826	5600.373523610812	-5600.373523610812	29011.6878570826	0.4457857244437484	0.006767863504549526	-0.005046913020675584	100	49.99938921788184	24	0
6420	flying	1	29136.358402295366	5600.375969636615	-5600.375969636615	29136.358402295366	0.4446935143140196	0.006465736713184569	-0.004753639481373207	100	49.999419060136745	24	0
6450	flying	1	29260.7324574205	5600.378279608896	-5600.378279608896	29260.7324574205	0.4436694070833408	0.006189577235065519	-0.004500987591949727	100	49.999443709753734	24	0
6480	flying	1	29384.828446875024	5600.38047169267	-5600.38047169267	29384.828446875024	0.4427086704692789	0.005879846314615773	-0.004278361236396077	100	49.99946846722651	24	0
6510	flying	1	29508.663517230834	5600.382556710672	-5600.382556710672	29508.663517230834	0.4418069628675711	0.005524394224231491	-0.00406997391895511	100	49.99949491039217	24	0
6540	flying	1	29632.25364003459	5600.384539006753	-5600.384539006753	29632.25364003459	0.4409602369906105	0.005181025841377616	-0.0038665121617913324	100	49.99952200514829	24	0
6570	flying	1	29755.614057851508	5600.386535500785	-5600.386535500785	29755.614057851508	0.44017480726505726	0.004928582692128192	-0.006183000763267911	100	49.99376553704088	24	0
6600	flying	1	29878.822223945128	5600.398618211295	-5600.398618211295	29878.822223945128	0.4400000782262299	0.004830394653993464	-0.042524233791381684	100	49.98508603207311	24	0
6630	flying	1	30002.022227084017	5600.425339927456	-5600.425339927456	30002.022227084017	0.4400000000278803	0.00484132974642315	-0.0573004857872561	100	49.99327805370129	24	0
6660	flying	1	30125.22222708513	5600.449986013971	-5600.449986013971	30125.22222708513	0.44000000000000994	0.004911322583546966	-0.0378234106750688	100	50.00261632833156	24	0
6690	flying	1	30248.422227085128	5600.460959516913	-5600.460959516913	30248.422227085128	0.4400000000000001	0.00492243035255439	-0.007456876675920666	100	50.00635785529467	24	0
6720	flying	1	30371.622227085125	5600.458881096247	-5600.458881096247	30371.622227085125	0.4400000000000001	0.0048021670539622665	0.012358367581671892	100	50.00477366782128	24	0
6750	flying	1	30494.822227085122	5600.451247641413	-5600.451247641413	30494.822227085122	0.4400000000000001	0.004652111285061358	0.015577775811796634	100	50.0012295877136	24	0
6780	flying	1	30629.37028207089	5600.445100964226	-5600.445100964226	30629.37028207089	0.552711304617092	-0.001373620272272126	0.008307862877391286	100	49.99866753814339	24	0
6810	flying	1	30793.94034662283	5600.443055180615	-5600.443055180615	30793.94034662283	0.5978327100283249	0.0022067787030455627	0.0015673764797895127	100	49.99991915422107	24	0
6840	flying	1	30961.39973831166	5582.408240598546	-5582.408240598546	30961.39973831166	0.5970176495624491	-0.009720925076070515	75.2291895913946	100	61.410798002209354	24	0
6870	flying	1	31109.66429758344	5508.807308197125	-5508.807308197125	31109.66429758344	0.5852803933702015	-0.03423834817226275	227.71100271694877	100	100	29	0
6900	flying	1	31226.825870592726	5362.413359600998	-5362.413359600998	31226.825870592726	0.20797125970591956	-0.050399681378393874	341.6911979433356	100	95.58330585201695	29	0
6930	flying	1	31273.311142946994	5178.500870861753	-5178.500870861753	31273.311142946994	0.24169164279496164	-0.05407690708856984	382.9953000292393	100	85.74541751359268	29	0
6960	flying	1	31319.700125275554	4984.6153279131	-4984.6153279131	31319.700125275554	0.2570243144613718	-0.05499951212484252	389.7416703389666	100	82.29405248051187	29	0
6990	flying	1	31367.523798687726	4789.7799277073655	-4789.7799277073655	31367.523798687726	0.2329795348899125	-0.055322550565897306	389.3604028986297	100	81.76384362423877	29	0
7020	flying	1	31416.46870685746	4595.270073713992	-4595.270073713992	31416.46870685746	0.1893564305373269	-0.055337810318519864	388.77604909929016	100	81.79945531434089	29	0
7050	flying	1	31461.96948329237	4400.940594171307	-4400.940594171307	31461.96948329237	0.13810846984783967	-0.05527381841765186	388.5947348349086	100	81.85141589138699	29	0
7080	flying	1	31501.211373961953	4206.650989672068	-4206.650989672068	31501.211373961953	0.12351111950515826	-0.055191455013046745	388.57538566736554	100	81.86782628199258	29	0
7110	flying	1	31538.44675268322	4012.36126620952	-4012.36126620952	31538.44675268322	0.13649753419556637	-0.05493796227194321	388.5835476026475	100	81.8698213496	29	0
7140	flying	1	31577.035615366764	3818.0679386195375	-3818.0679386195375	31577.035615366764	0.11366926623228048	-0.05515900125417063	388.58876471871304	100	81.86928077701859	29	0
7170	flying	1	31614.268790268572	3623.7729842344033	-3623.7729842344033	31614.268790268572	0.12894067766185058	-0.05559595698393817	388.59066192259627	100	81.86904203812438	29	0
7200	flying	1	31653.741662705455	3429.477154819322	-3429.477154819322	31653.741662705455	0.11301479080933867	-0.05610952943376047	388.59302148507436	100	81.87005079860415	29	0
7230	flying	1	31693.617999760852	3235.1794406366944	-3235.1794406366944	31693.617999760852	0.0953537326214293	-0.05671708917137056	388.597931360774	100	81.87119181659035	29	0
7260	flying	1	31734.224049536784	3040.878988680939	-3040.878988680939	31734.224049536784	0.05545922577238279	-0.05738869398483781	388.6036830575091	100	81.87201863626346	29	0
7290	flying	1	31773.053113896396	2846.5756800480895	-2846.5756800480895	31773.053113896396	0.05792427193607922	-0.05818248991511667	388.6093024607917	100	81.87271648297904	29	0
7320	flying	1	31811.244863808708	2652.2704606373673	-2652.2704606373673	31811.244863808708	0.05594554407304775	-0.05900510089970055	388.608566923258	100	81.86828597705207	29	0
7350	flying	1	31847.99829123023	2457.9642498668145	-2457.9642498668145	31847.99829123023	0.05205224249876373	-0.05958293610274233	388.6342486413075	100	81.85837201949836	29	0
7380	flying	1	31882.293015175	2263.641340197629	-2263.641340197629	31882.293015175	0.07782197182335995	-0.059785126128124165	388.6468975597797	100	81.84382897284254	29	0
7410	flying	1	31918.248516587402	2069.323750351056	-2069.323750351056	31918.248516587402	0.06491454130471687	-0.059811245338724395	388.62117996678995	100	81.83522738270821	29	0
7440	flying	1	31952.596404038773	1875.0202885507788	-1875.0202885507788	31952.596404038773	0.0643411670264207	-0.059937923280525655	388.59627854787755	100	81.83593217939281	29	0
7470	flying	1	31996.480473902477	1680.724970937147	-1680.724970937147	31996.480473902477	0.2580367216276877	-0.05998232644950763	388.5873906144339	100	81.83813777533257	29	0
7500	flying	1	32103.099103260036	1493.1286723421003	-1493.1286723421003	32103.099103260036	0.4396543920773321	-0.06004166145732351	339.96913685507485	100	68.69512619565988	29	0
7530	flying	1	32226.286704460817	1351.0855106193865	-1351.0855106193865	32226.286704460817	0.4399999589843546	-0.06019035351302738	230.36229777901323	100	51.19512619565987	29	0
7560	flying	1	32349.486702989707	1264.8031024448687	-1264.8031024448687	32349.486702989707	0.43999999999514955	-0.05815358622910676	124.92077218095709	100	46.82267227787821	29	0
7590	flying	1	32472.686702989537	1217.5514442216008	-1217.5514442216008	32472.686702989537	0.43999999999999945	-0.0407730906681179	70.2752817443526	100	47.20161353222	29	0
7620	flying	1	32595.886702989534	1193.9621182684323	-1193.9621182684323	32595.886702989534	0.4399999999999998	-0.022376366085683524	26.802903490947806	100	43.29815965031767	29	0
7650	flying	1	32719.08670298953	1188.998744226892	-1188.998744226892	32719.08670298953	0.4399999999999998	-0.006938417141697753	-2.996655924875662	100	43.94489334845694	29	0
7680	flying	1	32842.28670298953	1194.2874673050326	-1194.2874673050326	32842.28670298953	0.4399999999999998	0.0025831103756370297	-14.905371972739383	100	46.88863397744164	29	0
7710	flying	1	32965.486702989525	1201.6039597247634	-1201.6039597247634	32965.486702989525	0.4399999999999998	0.005689003400807683	-12.679237712561722	100	50.04552268027585	30	0
7740	flying	1	33088.68670298952	1205.8174835974648	-1205.8174835974648	33088.68670298952	0.4399999999999998	0.004421277295784557	-4.065241649420758	100	51.9078363702892	30	0
7770	flying	1	33211.88670298952	1205.6913409508938	-1205.6913409508938	33211.88670298952	0.4399999999999998	0.0018182770252666795	3.6870780686957216	100	51.991798985241076	30	0
7800	flying	1	33322.76670298952	1203.3045331661249	-1203.3045331661249	33322.76670298952	0.4399999999999998	0.00028712093203603703	5.987594231128324	100	50.81411128391634	31	0
7830	flying	1	33322.76670298952	1203.3045331661249	-1203.3045331661249	33322.76670298952	0.4399999999999998	0.00028712093203603703	5.987594231128324	100	50.81411128391634	31	0
7860	flying	1	33322.76670298952	1203.3045331661249	-1203.3045331661249	33322.76670298952	0.4399999999999998	0.00028712093203603703	5.987594231128324	100	50.81411128391634	31	0
7890	flying	1	33322.76670298952	1203.3045331661249	-1203.3045331661249	33322.76670298952	0.4399999999999998	0.00028712093203603703	5.987594231128324	100	50.81411128391634	31	0
7920	flying	1	33322.76670298952	1203.3045331661249	-1203.3045331661249	33322.76670298952	0.4399999999999998	0.00028712093203603703	5.987594231128324	100	50.81411128391634	31	0
7950	flying	1	33322.76670298952	1203.3045331661249	-1203.3045331661249	33322.76670298952	0.4399999999999998	0.00028712093203603703	5.987594231128324	100	50.81411128391634	31	0
7980	flying	1	33322.76670298952	1203.3045331661249	-1203.3045331661249	33322.76670298952	0.4399999999999998	0.00028712093203603703	5.987594231128324	100	50.81411128391634	31	0
8010	flying	1	33322.76670298952	1203.3045331661249	-1203.3045331661249	33322.76670298952	0.4399999999999998	0.00028712093203603703	5.987594231128324	100	50.81411128391634	31	0
8040	flying	1	33322.76670298952	1203.3045331661249	-1203.3045331661249	33322.76670298952	0.4399999999999998	0.00028712093203603703	5.987594231128324	100	50.81411128391634	31	0
8070	flying	1	33322.76670298952	1203.3045331661249	-1203.3045331661249	33322.76670298952	0.4399999999999998	0.00028712093203603703	5.987594231128324	100	50.81411128391634	31	0
8100	flying	1	33322.76670298952	1203.3045331661249	-1203.3045331661249	33322.76670298952	0.4399999999999998	0.00028712093203603703	5.987594231128324	100	50.81411128391634	31	0
8130	flying	1	33322.76670298952	1203.3045331661249	-1203.3045331661249	33322.76670298952	0.4399999999999998	0.00028712093203603703	5.987594231128324	100	50.81411128391634	31	0
8160	flying	1	33322.76670298952	1203.3045331661249	-1203.3045331661249	33322.76670298952	0.4399999999999998	0.00028712093203603703	5.987594231128324	100	50.81411128391634	31	0
8190	flying	1	33322.76670298952	1203.3045331661249	-1203.3045331661249	33322.76670298952	0.4399999999999998	0.00028712093203603703	5.987594231128324	100	50.81411128391634	31	0
8220	flying	1	33322.76670298952	1203.3045331661249	-1203.3045331661249	33322.76670298952	0.4399999999999998	0.00028712093203603703	5.987594231128324	100	50.81411128391634	31	0
8250	flying	1	33322.76670298952	1203.3045331661249	-1203.3045331661249	33322.76670298952	0.4399999999999998	0.00028712093203603703	5.987594231128324	100	50.81411128391634	31	0
8280	flying	1	33322.76670298952	1203.3045331661249	-1203.3045331661249	33322.76670298952	0.4399999999999998	0.00028712093203603703	5.987594231128324	100	50.81411128391634	31	0
8310	flying	1	33322.76670298952	1203.3045331661249	-1203.3045331661249	33322.76670298952	0.4399999999999998	0.00028712093203603703	5.987594231128324	100	50.81411128391634	31	0
8340	flying	1	33322.76670298952	1203.3045331661249	-1203.3045331661249	33322.76670298952	0.4399999999999998	0.00028712093203603703	5.987594231128324	100	50.81411128391634	31	0
8370	flying	1	33322.76670298952	1203.3045331661249	-1203.3045331661249	33322.76670298952	0.4399999999999998	0.00028712093203603703	5.987594231128324	100	50.81411128391634	31	0
8400	flying	1	33322.76670298952	1203.3045331661249	-1203.3045331661249	33322.76670298952	0.4399999999999998	0.00028712093203603703	5.987594231128324	100	50.81411128391634	31	0
8430	flying	1	33322.76670298952	1203.3045331661249	-1203.3045331661249	33322.76670298952	0.4399999999999998	0.00028712093203603703	5.987594231128324	100	50.81411128391634	31	0
8460	flying	1	33322.76670298952	1203.3045331661249	-1203.3045331661249	33322.76670298952	0.4399999999999998	0.00028712093203603703	5.987594231128324	100	50.81411128391634	31	0
8490	flying	1	33322.76670298952	1203.3045331661249	-1203.3045331661249	33322.76670298952	0.4399999999999998	0.00028712093203603703	5.987594231128324	100	50.81411128391634	31	0
8520	flying	1	33322.76670298952	1203.3045331661249	-1203.3045331661249	33322.76670298952	0.4399999999999998	0.00028712093203603703	5.987594231128324	100	50.81411128391634	31	0
8550	flying	1	33322.76670298952	1203.3045331661249	-1203.3045331661249	33322.76670298952	0.4399999999999998	0.00028712093203603703	5.987594231128324	100	50.81411128391634	31	0
8580	flying	1	33322.76670298952	1203.3045331661249	-1203.3045331661249	33322.76670298952	0.4399999999999998	0.00028712093203603703	5.987594231128324	100	50.81411128391634	31	0
8610	flying	1	33322.76670298952	1203.3045331661249	-1203.3045331661249	33322.76670298952	0.4399999999999998	0.00028712093203603703	5.987594231128324	100	50.81411128391634	31	0
8640	flying	1	33322.76670298952	1203.3045331661249	-1203.3045331661249	33322.76670298952	0.4399999999999998	0.00028712093203603703	5.987594231128324	100	50.81411128391634	31	0
8670	flying	1	33322.76670298952	1203.3045331661249	-1203.3045331661249	33322.76670298952	0.4399999999999998	0.00028712093203603703	5.987594231128324	100	50.81411128391634	31	0
8700	flying	1	33322.76670298952	1203.3045331661249	-1203.3045331661249	33322.76670298952	0.4399999999999998	0.00028712093203603703	5.987594231128324	100	50.81411128391634	31	0
8730	flying	1	33322.76670298952	1203.3045331661249	-1203.3045331661249	33322.76670298952	0.4399999999999998	0.00028712093203603703	5.987594231128324	100	50.81411128391634	31	0
8760	flying	1	33322.76670298952	1203.3045331661249	-1203.3045331661249	33322.76670298952	0.4399999999999998	0.00028712093203603703	5.987594231128324	100	50.81411128391634	31	0
8790	flying	1	33322.76670298952	1203.3045331661249	-1203.3045331661249	33322.76670298952	0.4399999999999998	0.00028712093203603703	5.987594231128324	100	50.81411128391634	31	0
8820	flying	1	33322.76670298952	1203.3045331661249	-1203.3045331661249	33322.76670298952	0.4399999999999998	0.00028712093203603703	5.987594231128324	100	50.81411128391634	31	0
8850	flying	1	33322.76670298952	1203.3045331661249	-1203.3045331661249	33322.76670298952	0.4399999999999998	0.00028712093203603703	5.987594231128324	100	50.81411128391634	31	0
8880	flying	1	33322.76670298952	1203.3045331661249	-1203.3045331661249	33322.76670298952	0.4399999999999998	0.00028712093203603703	5.987594231128324	100	50.81411128391634	31	0
8910	flying	1	33322.76670298952	1203.3045331661249	-1203.3045331661249	33322.76670298952	0.4399999999999998	0.00028712093203603703	5.987594231128324	100	50.81411128391634	31	0
8940	flying	1	33322.76670298952	1203.3045331661249	-1203.3045331661249	33322.76670298952	0.4399999999999998	0.00028712093203603703	5.987594231128324	100	50.81411128391634	31	0
8970	flying	1	33322.76670298952	1203.3045331661249	-1203.3045331661249	33322.76670298952	0.4399999999999998	0.00028712093203603703	5.987594231128324	100	50.81411128391634	31	0
9000	flying	1	33322.76670298952	1203.3045331661249	-1203.3045331661249	33322.76670298952	0.4399999999999998	0.00028712093203603703	5.987594231128324	100	50.81411128391634	31	0
9030	flying	1	33322.76670298952	1203.3045331661249	-1203.3045331661249	33322.76670298952	0.4399999999999998	0.00028712093203603703	5.987594231128324	100	50.81411128391634	31	0
9060	flying	1	33322.76670298952	1203.3045331661249	-1203.3045331661249	33322.76670298952	0.4399999999999998	0.00028712093203603703	5.987594231128324	100	50.81411128391634	31	0
9090	flying	1	33322.76670298952	1203.3045331661249	-1203.3045331661249	33322.76670298952	0.4399999999999998	0.00028712093203603703	5.987594231128324	100	50.81411128391634	31	0
9120	flying	1	33322.76670298952	1203.3045331661249	-1203.3045331661249	33322.76670298952	0.4399999999999998	0.00028712093203603703	5.987594231128324	100	50.81411128391634	31	0
9150	flying	1	33322.76670298952	1203.3045331661249	-1203.3045331661249	33322.76670298952	0.4399999999999998	0.00028712093203603703	5.987594231128324	100	50.81411128391634	31	0
9180	flying	1	33322.76670298952	1203.3045331661249	-1203.3045331661249	33322.76670298952	0.4399999999999998	0.00028712093203603703	5.987594231128324	100	50.81411128391634	31	0
9210	flying	1	33322.76670298952	1203.3045331661249	-1203.3045331661249	33322.76670298952	0.4399999999999998	0.00028712093203603703	5.987594231128324	100	50.81411128391634	31	0
9240	flying	1	33322.76670298952	1203.3045331661249	-1203.3045331661249	33322.76670298952	0.4399999999999998	0.00028712093203603703	5.987594231128324	100	50.81411128391634	31	0
9270	flying	1	33322.76670298952	1203.3045331661249	-1203.3045331661249	33322.76670298952	0.4399999999999998	0.00028712093203603703	5.987594231128324	100	50.81411128391634	31	0
9300	flying	2	1710.2835270609469	7999.889498227738	-7999.889498227738	1710.2835270609469	0.15528732933925032	-0.006525647375596671	0.6159652587025198	100	50.12021940054111	31	0
9330	flying	2	1792.0784817943593	7999.714804896591	-7999.714804896591	1792.0784817943593	0.42541974842839625	-0.01155779982401769	-0.035437951778666946	100	49.757316459993035	31	0
9360	flying	2	1914.7495991820379	7999.927970116586	-7999.927970116586	1914.7495991820379	0.4399980500716383	-0.0003255341580172143	-0.7098063137610628	100	49.79570115773143	31	0
9390	flying	2	2037.9495284268064	8000.3228957178235	-8000.3228957178235	2037.9495284268064	0.43999999973914083	0.0032819297471626254	-0.7638119191860894	100	49.95684987922973	31	0
9420	flying	2	2161.14952841734	8000.612785775513	-8000.612785775513	2161.14952841734	0.43999999999996514	0.0046074231725435795	-0.3684755793364149	100	50.079210377862786	31	0
9450	flying	2	2284.349528417337	8000.679009970491	-8000.679009970491	2284.349528417337	0.4399999999999998	0.0052072703745782755	0.06560908995781929	100	50.10311830969538	31	0
9480	flying	2	2407.549528417334	8000.581227899774	-8000.581227899774	2407.549528417334	0.4399999999999998	0.005325691200246519	0.27271411513010585	100	50.05793082720674	31	0
9510	flying	2	2515.8444036090773	8016.454782642862	-8016.454782642862	2515.8444036090773	0.4399999999999998	0.016042267810889802	2.9768767760453305	100	52.611729715750805	31	0
9540	flying	2	2602.6288120564454	8032.127212496955	-8032.127212496955	2602.6288120564454	0.4399999999999998	0.01364103455256866	17.281519625800797	100	57.37591852881083	31	0
9570	flying	2	2683.22327545257	8039.747534440481	-8039.747534440481	2683.22327545257	0.4399999999999998	0.003565188496181854	35.79681859886795	100	59.46089744476418	31	0
9600	flying	2	2762.0911671297335	8039.9740234665705	-8039.9740234665705	2762.0911671297335	0.4399999999999998	-0.004402911123340121	47.96455210820628	100	58.56936150635732	31	0
9630	flying	2	2854.4002022019004	8019.783658700709	-8019.783658700709	2854.4002022019004	0.4399999999999998	-0.019902690734157197	47.04563113597138	100	53.31527793533579	31	0
9660	flying	2	2968.6945224988535	8000.906601540251	-8000.906601540251	2968.6945224988535	0.4399999999999998	-0.018041535496642752	27.09499886826226	100	47.18229047879222	31	0
9690	flying	2	3089.4104463744097	7993.307289200804	-7993.307289200804	3089.4104463744097	0.4399999999999998	-0.006328642795386401	5.166564174880148	100	45.870019385667355	31	0
9720	flying	2	3211.9955351684566	7994.286820448842	-7994.286820448842	3211.9955351684566	0.4399999999999998	0.0023296994244147913	-6.748731015785864	100	47.353803132906116	31	0
9750	flying	2	3335.1955351684537	7998.396326320855	-7998.396326320855	3335.1955351684537	0.4399999999999998	0.005606337880859439	-8.223899698934897	100	49.46775225202182	31	0
9780	flying	2	3458.395535168451	7996.2427009883695	-7996.2427009883695	3458.395535168451	0.4399999999999998	0.0004546194326630541	35.81111331164611	100	56.46396664174381	31	0
9810	flying	2	3581.595535168448	7956.110061940571	-7956.110061940571	3581.595535168448	0.4399999999999998	-0.025535927612857987	122.16158876350771	100	68.86396664174374	31	0
9840	flying	2	3704.795535168445	7878.154385263597	-7878.154385263597	3704.795535168445	0.4399999999999998	-0.04925633807688709	178.91410178509238	100	72.77920448369011	31	0
9870	flying	2	3827.995535168442	7769.212386108985	-7769.212386108985	3827.995535168442	0.4399999999999998	-0.05527762478637964	254.41347227278345	100	81.9711090053613	31	0
9900	flying	2	3951.195535168439	7637.615071876418	-7637.615071876418	3951.195535168439	0.4399999999999998	-0.0564907342698931	275.0527718258526	100	78.44226657246166	31	0
9930	flying	2	4074.3955351684363	7493.185644306094	-7493.185644306094	4074.3955351684363	0.4399999999999998	-0.05663878469880745	281.0372259862285	100	70.65543132155598	31	0
9960	flying	2	4197.595535168433	7346.8375254465345	-7346.8375254465345	4197.595535168433	0.4399999999999998	-0.0572242352992795	299.9110040642268	100	73.77917388345664	31	0
9990	flying	2	4320.79553516843	7214.0347341691995	-7214.0347341691995	4320.79553516843	0.4399999999999998	-0.05775399586905727	225.0865799440594	100	56.27917388345668	31	0
10020	flying	2	4443.9955351684275	7126.499095132949	-7126.499095132949	4443.9955351684275	0.4399999999999998	-0.05657586672881929	126.00485625375526	100	38.77917388345661	31	0
10050	flying	2	4567.195535168425	7079.346769430941	-7079.346769430941	4567.195535168425	0.4399999999999998	-0.03900975105654884	68.20550289316319	100	36.229173883456596	31	0
10080	flying	2	4690.395535168422	7052.872878165083	-7052.872878165083	4690.395535168422	0.4399999999999998	-0.023645561714894174	42.32234661756856	100	48.629173883456616	31	0
10110	flying	2	4813.595535168419	7034.846491332117	-7034.846491332117	4813.595535168419	0.4399999999999998	-0.01553534580903025	31.117057632735175	100	57.438180576248115	31	0
10140	flying	2	4936.795535168416	7024.864875136971	-7024.864875136971	4936.795535168416	0.4399999999999998	-0.008167013842299375	7.609404664620056	100	57.905881861589975	31	0
10170	flying	2	5059.995535168413	6982.632621709026	-6982.632621709026	5059.995535168413	0.4399999999999998	-0.021946777204310215	83.2978619716673	98.416	44.18820529052377	31	0
10200	flying	2	5183.19553516841	6959.797199419737	-6959.797199419737	5183.19553516841	0.4399999999999998	-0.011000788183247689	8.851440793850847	98.416	31.73124906823056	31	0
10230	flying	2	5306.395535168407	6969.891737853995	-6969.891737853995	5306.395535168407	0.4399999999999998	0.007169287025827486	-39.453671072933965	98.416	38.04278321341296	31	0
10260	flying	2	5429.595535168404	6991.757804404576	-6991.757804404576	5429.595535168404	0.4399999999999998	0.017571536950902612	-41.521822512549946	98.416	48.22633528876388	31	0
10290	flying	2	5552.795535168401	7007.157620176161	-7007.157620176161	5552.795535168401	0.4399999999999998	0.015944914347576764	-19.121206256169167	98.416	54.24012159865725	31	0
10320	flying	2	5675.995535168398	7010.7196736335745	-7010.7196736335745	5675.995535168398	0.4399999999999998	0.008561789347543737	2.520595252687313	98.416	54.678017756669085	31	0
10350	flying	2	5799.1955351683955	7006.696936765287	-7006.696936765287	5799.1955351683955	0.4399999999999998	0.002723467783359695	10.91309670717828	98.416	52.007668072925	31	0
10380	flying	2	5922.395535168393	7001.596517158334	-7001.596517158334	5922.395535168393	0.4399999999999998	0.0012434837385062929	8.420031448645688	98.416	49.750937434226834	31	0
10410	flying	2	6050.435222388021	6982.603690692482	-6982.603690692482	6050.435222388021	0.4399999999999998	-0.010981065404003067	1.5327149638207507	98.416	46.79658152070005	31	0
10440	flying	2	6204.329452284431	6949.8749203851685	-6949.8749203851685	6204.329452284431	0.4399999999999998	-0.019487003280402353	-24.27509996224789	98.416	37.18648242033486	31	0
10470	flying	2	6368.539119918901	6933.588315906735	-6933.588315906735	6368.539119918901	0.4399999999999998	-0.007309364709677007	-59.35155552564336	98.416	33.41121873266035	31	0
10500	flying	2	6535.626089842779	6932.16154620019	-6932.16154620019	6535.626089842779	0.4399999999999998	0.006705788935350819	-82.04760413632712	98.416	34.853946538239526	31	0
10530	flying	2	6699.313348187196	6952.722775743993	-6952.722775743993	6699.313348187196	0.4399999999999998	0.026695367117745793	-87.36586002503903	98.416	39.49607667058487	31	0
10560	flying	2	6837.3545113528335	6991.766991861891	-6991.766991861891	6837.3545113528335	0.4399999999999998	0.03980739062349852	-64.24591708531878	98.416	51.168653927060745	31	0
10590	flying	2	6964.69418180001	7013.3117683731725	-7013.3117683731725	6964.69418180001	0.4399999999999998	0.02774587087561601	-22.868060898503565	98.416	57.77201441968409	31	0
10620	flying	2	7101.830239709846	7015.817663966633	-7015.817663966633	7101.830239709846	0.5599622421550067	0.00461292639255528	8.37828934497103	98.416	56.675795099915085	31	0
10650	flying	2	7266.786541931869	7011.825201814357	-7011.825201814357	7266.786541931869	0.5949610730320497	0.0017878813764337547	0.13781611874970645	98.416	54.20199810389335	31	0
10680	flying	2	7434.422945760409	7018.18292766715	-7018.18292766715	7434.422945760409	0.602113207236921	0.008817388058282367	-23.096227519608636	98.416	57.71723272778972	31	0
10710	flying	2	7603.621153026375	7030.845339221416	-7030.845339221416	7603.621153026375	0.60594140927993	0.013677859578391845	-22.01328988706803	98.416	63.60966092728135	31	0
10740	flying	2	7773.779397980308	7034.823749521725	-7034.823749521725	7773.779397980308	0.6101822334066046	0.008381549807748355	9.228768307749919	98.416	64.49302957707661	31	0
10770	flying	2	7945.387381272441	7020.706384342281	-7020.706384342281	7945.387381272441	0.6157108720203134	-0.003977122770493699	43.12527090988867	98.416	56.615225560808994	31	0
10800	flying	2	8118.488277398255	6994.801351094207	-6994.801351094207	8118.488277398255	0.6208257022640927	-0.013340451187077508	55.17485181127179	98.416	44.50347643436823	31	0
